postId,isNSFW,isMedia,title,author,authorIsBlocked,upvoteRatio,viewCount,goldCount,isSponsored,isSpoiler,sendReplies,numComments,score,permalink,text
t3_1hje6me,False,False,will i get laced,dotomuch14,False,0.25,0,0,False,False,True,4,0,https://www.reddit.com/r/trees/comments/1hje6me/will_i_get_laced/,i bought an 8th of purple gelato from my friend for $15 i‚Äôve only smoked from pens n pre rolls but this is my first time rolling my own bud. I live in LA and most of the people i have told that i bought it for $15 say that for the price i got it for its probably boof. The weed is dry n has some smell to it should i take the risk n smoke it or nah.
t3_1hje1lo,False,False,"Nectar collector mouthpiece, joint, ice pack, towel. Pretty smooth",KimJongIan,False,1.0,0,0,False,False,True,2,0,https://www.reddit.com/r/trees/comments/1hje1lo/nectar_collector_mouthpiece_joint_ice_pack_towel/,"Joint got super harsh halfway through, so I whipped this up"
t3_1hjd8ml,False,False,Back in Cali for Christmas - enjoying a wake and bake with this Jack Herer vape,dabyathatsme,False,0.75,0,0,False,False,True,2,0,https://www.reddit.com/r/trees/comments/1hjd8ml/back_in_cali_for_christmas_enjoying_a_wake_and/,This little guy is dangerous!
t3_1hjcepu,False,False,Merry Christmas for all stoners on the planet! I wish you the best from Prague üá®üáøüéÖüéÑüéÅüîî,Slack27biturbo,False,1.0,0,0,False,False,True,7,0,https://www.reddit.com/r/trees/comments/1hjcepu/merry_christmas_for_all_stoners_on_the_planet_i/,"Sadly i cant upload a GIF or video here. But still, please enjoy christmas my fellow stoners and stay safe, happy and with love from your families ‚ú®"
t3_1hjcbq7,False,False,Can I smoke distillate from a syringe in a bowl or a joint?,rexfiend,False,0.6,0,0,False,False,True,6,0,https://www.reddit.com/r/trees/comments/1hjcbq7/can_i_smoke_distillate_from_a_syringe_in_a_bowl/,"i don't have any other forms of concentrate right now and i love the feeling of distillate. however, i usually just take it orally. would it be effective to sandwich some distillate in between a bowl or roll a joint up with some distillate in it?"
t3_1hjbyip,False,False,12 Days of Kushmas,Prestigious-Net-3989,False,0.92,0,0,False,False,True,3,10,https://www.reddit.com/r/trees/comments/1hjbyip/12_days_of_kushmas/,My partner and I put together a 12 days of Kushmas for our adult sons. üòä
t3_1hjbyip,False,False,12 Days of Kushmas,Prestigious-Net-3989,False,0.92,0,0,False,False,True,3,10,https://www.reddit.com/r/trees/comments/1hjbyip/12_days_of_kushmas/,"Day 1: candy, pre roll, lighter Day 2: cart, candle, soda Day 3: snack, pipe, a little bud Day 4: THC drink, candy, pipe cleaners Day 5: two 50mg edibles, candy, lighter Day 6: energy drink, one hitter, candy, cleaning wipes Day 7: snack, joint, butane lighter Day 8: snack, lighter, clear eye, one hitter, a little bud in a silicone container Day 9: gum, lighter, cart, stealth cart battery Day 10: candy, mints, lighter, THC root beer Day 11: hat, gloves, pre roll, lighter, hot cocoa bomb Day 12: joint roller, papers, filters, shake, lighter, candy"
t3_1hjbkla,False,False,NZ to the world üî•‚ö°Ô∏è,Extra-Purple-6710,False,0.91,0,0,False,False,True,2,9,https://www.reddit.com/r/trees/comments/1hjbkla/nz_to_the_world/,Opinion wanted always üòéüî•
t3_1hjb6li,False,False,I got an e nail recently and wanted some tips on maintenance ,chillintillinfinity,False,1.0,0,0,False,False,True,0,1,https://www.reddit.com/r/trees/comments/1hjb6li/i_got_an_e_nail_recently_and_wanted_some_tips_on/,"I know to clean it after every dab and such , but I'm wondering if i should be turning it off and reheating it vs just leaving it on. I'm worried I'll take my dab , swab it out and then come back to all blackened banger if i leave it on"
t3_1hjb5u7,False,False,Favorite way to roll a joint?,Maxthefruitcake,False,0.84,0,0,False,False,True,13,4,https://www.reddit.com/r/trees/comments/1hjb5u7/favorite_way_to_roll_a_joint/,"I know all stoners have a preference, wether they roll or not. What's y'all's favorite way to roll or smoke a joint?"
t3_1hjarce,False,False,Flower high vs vape high‚Ä¶,Kash-Cow,False,1.0,0,0,False,False,True,6,5,https://www.reddit.com/r/trees/comments/1hjarce/flower_high_vs_vape_high/,"Can someone explain this to me like I‚Äôm five because I‚Äôm both faded AND very interested‚Ä¶ I am a regular (med grade) flower smoker. I will on occasion hit a live resin pen and the high is just completely different. What exactly is extracted during processing? I‚Äôm generally using Rare brand, fwiw."
t3_1hjaof1,False,False,What's your fav combo with weed? ,chessenthusiasticguy,False,0.95,0,0,False,False,True,72,20,https://www.reddit.com/r/trees/comments/1hjaof1/whats_your_fav_combo_with_weed/,"Coffee, nicotine, alcohol....anything else ?"
t3_1hjaof1,False,False,What's your fav combo with weed? ,chessenthusiasticguy,False,0.95,0,0,False,False,True,72,20,https://www.reddit.com/r/trees/comments/1hjaof1/whats_your_fav_combo_with_weed/,For me it's coffee and weed
t3_1hja2ff,False,False,Never leave home without it!,TimberOctopus,False,0.98,0,0,False,False,True,62,206,https://www.reddit.com/r/trees/comments/1hja2ff/never_leave_home_without_it/,Toker Poker appreciation post.
t3_1hja2ff,False,False,Never leave home without it!,TimberOctopus,False,0.98,0,0,False,False,True,62,206,https://www.reddit.com/r/trees/comments/1hja2ff/never_leave_home_without_it/,Lost my old one I've had for a few years last Saturday at a music event. So I've been without one for a week. New one came yesterday.
t3_1hja2ff,False,False,Never leave home without it!,TimberOctopus,False,0.98,0,0,False,False,True,62,206,https://www.reddit.com/r/trees/comments/1hja2ff/never_leave_home_without_it/,Best $8 I ever spent.
t3_1hja2ff,False,False,Never leave home without it!,TimberOctopus,False,0.98,0,0,False,False,True,62,206,https://www.reddit.com/r/trees/comments/1hja2ff/never_leave_home_without_it/,IYKYK
t3_1hj9z9r,False,False,T-break,queenaemmaarryn,False,1.0,0,0,False,False,True,3,1,https://www.reddit.com/r/trees/comments/1hj9z9r/tbreak/,"Had to undergo a short week-long t-break for work purposes. I had zero nightmares or emotional outbursts. I'm not really sure why because on previous t-breaks, I was a mess. This is the longest I've been without weed for a while. I'm not complaining at all as having a withdrawal meltdown around new people would not have been good. Plus I'm saving $ by not using my stash. Anyways, I broke my t-break this morning and felt heavenly. Just felt like sharing.üëΩü´ß"
t3_1hj9rgn,False,False,Do you think it‚Äôs ready to harvest?,Miserable-Log-4842,False,0.5,0,0,False,False,True,1,0,https://www.reddit.com/r/trees/comments/1hj9rgn/do_you_think_its_ready_to_harvest/,"She‚Äôs three months old, F1 hybrid autoflowering strain :)"
t3_1hj891c,False,False,how to turn (mild) green out into a good high,Street_Ad_762,False,0.6,0,0,False,False,True,0,2,https://www.reddit.com/r/trees/comments/1hj891c/how_to_turn_mild_green_out_into_a_good_high/,"if you are having a mild green out i found out telling yourself that you really like this high, it makes the high good or manageable."
t3_1hj79fw,False,False,I want to get the most out of my weed,Cake-Fluid,False,0.67,0,0,False,False,True,4,1,https://www.reddit.com/r/trees/comments/1hj79fw/i_want_to_get_the_most_out_of_my_weed/,"I want to buy a vape for the sole purpouse of making edibles after vaping, so I dont waste any precious THC. Any suggestions for a cheap vape that will satisfy my needs?"
